pair_id,source_run_dir,source_seed,run_id,generation,model_name,example_id,A_branch,B_branch,judge_label_x,judge_provider,judge_model,winner,confidence,reason,repair_applied,repair_actions,qwen_winner_branch,qwen_dbr_win,qwen_pure_win,qwen_tie,judge_label_y,qwen_failure_judge_model,error_category,error_message
dbr_pair_0001,outputs\runs\dbr_confirmatory_seed211_20260428_222918,211,dbr_confirmatory_seed211_20260428_222918,2,qwen2.5:0.5b,gsm8k_0282e6150601a032,pure_recycling,dbr_medium,qwen_dbr_pairwise,cerebras,qwen-3-235b-a22b-instruct-2507,B,2,"Explanation B is clearer with labeled steps, proper use of units, and structured equations, enhancing pedagogical effectiveness.",False,,dbr_medium,True,False,False,,,,
dbr_pair_0003,outputs\runs\dbr_confirmatory_seed211_20260428_222918,211,dbr_confirmatory_seed211_20260428_222918,2,qwen2.5:0.5b,gsm8k_0e70d608a3ab8beb,dbr_medium,pure_recycling,qwen_dbr_pairwise,cerebras,qwen-3-235b-a22b-instruct-2507,Tie,0,"Both explanations contain critical errors and do not match the gold answer. A misinterprets relationships and uses incorrect equations. B misreads 'elephants' as based on parrots, snakes, and monkeys and confuses zebras with elephants. Neither reaches the correct 35. Pedagogical structure is clear in both, but reasoning is unsound.",False,,Tie,False,False,True,,,,
dbr_pair_0005,outputs\runs\dbr_confirmatory_seed211_20260428_222918,211,dbr_confirmatory_seed211_20260428_222918,2,qwen2.5:0.5b,gsm8k_32eb0ee54b829238,dbr_medium,pure_recycling,qwen_dbr_pairwise,cerebras,qwen-3-235b-a22b-instruct-2507,Tie,0,Both explanations are incorrect and contain flawed reasoning; neither matches the gold answer or provides accurate step-by-step logic.,False,,Tie,False,False,True,,,,
dbr_pair_0007,outputs\runs\dbr_confirmatory_seed211_20260428_222918,211,dbr_confirmatory_seed211_20260428_222918,2,qwen2.5:0.5b,gsm8k_7356e0f6254c1d60,dbr_medium,pure_recycling,qwen_dbr_pairwise,cerebras,qwen-3-235b-a22b-instruct-2507,Tie,2,"Both explanations are clear, well-structured, and use correct reasoning with appropriate terminology. They break down the problem into logical steps and arrive at the correct answer without misleading information.",False,,Tie,False,False,True,,,,
dbr_pair_0008,outputs\runs\dbr_confirmatory_seed211_20260428_222918,211,dbr_confirmatory_seed211_20260428_222918,2,qwen2.5:0.5b,gsm8k_a31e424584aadb3a,pure_recycling,dbr_medium,qwen_dbr_pairwise,cerebras,qwen-3-235b-a22b-instruct-2507,B,2,"Explanation B is clearer with structured steps, consistent use of mathematical notation, and avoids redundancy, making it more pedagogically effective.",False,,dbr_medium,True,False,False,,,,
dbr_pair_0009,outputs\runs\dbr_confirmatory_seed211_20260428_222918,211,dbr_confirmatory_seed211_20260428_222918,2,qwen2.5:0.5b,gsm8k_a6bc5bbf03bbf7df,dbr_medium,pure_recycling,qwen_dbr_pairwise,cerebras,qwen-3-235b-a22b-instruct-2507,A,2,"Explanation A provides clearer step structure, consistent labeling, and slightly better pedagogical flow with explicit subheadings and reasoning, making it easier for learners to follow each logical step.",False,,dbr_medium,True,False,False,,,,
dbr_pair_0010,outputs\runs\dbr_confirmatory_seed211_20260428_222918,211,dbr_confirmatory_seed211_20260428_222918,2,qwen2.5:0.5b,gsm8k_b214592673a94bf7,pure_recycling,dbr_medium,qwen_dbr_pairwise,cerebras,qwen-3-235b-a22b-instruct-2507,A,2,"Explanation A is clearer, correctly solves for cupcakes, and avoids the misleading final answer in B. Explanation B contains a critical error by stating 'Carly made 7 cupcakes' despite correctly calculating C=3, which undermines its pedagogical value.",False,,pure_recycling,False,True,False,,,,
dbr_pair_0011,outputs\runs\dbr_confirmatory_seed211_20260428_222918,211,dbr_confirmatory_seed211_20260428_222918,2,qwen2.5:0.5b,gsm8k_c234d36d336bf4c3,pure_recycling,dbr_medium,qwen_dbr_pairwise,cerebras,qwen-3-235b-a22b-instruct-2507,Tie,2,"Both explanations are clear and correctly structured but fail to address the 10-pound goal, solving only for 1 pound. They are equally flawed pedagogically.",False,,Tie,False,False,True,,,,
dbr_pair_0012,outputs\runs\dbr_confirmatory_seed211_20260428_222918,211,dbr_confirmatory_seed211_20260428_222918,2,qwen2.5:0.5b,gsm8k_d417056b2fb0a491,dbr_medium,pure_recycling,qwen_dbr_pairwise,cerebras,qwen-3-235b-a22b-instruct-2507,A,2,"Explanation A is clearer, correctly calculates the difference, and avoids the sign error in B. It uses consistent variables and logical flow, making it more pedagogically effective.",False,,dbr_medium,True,False,False,,,,
dbr_pair_0014,outputs\runs\dbr_confirmatory_seed211_20260428_222918,211,dbr_confirmatory_seed211_20260428_222918,2,qwen2.5:0.5b,gsm8k_efe0f2dadeb8f35f,dbr_medium,pure_recycling,qwen_dbr_pairwise,cerebras,qwen-3-235b-a22b-instruct-2507,A,2,"Explanation A provides clearer step-by-step reasoning with labeled steps, defines terms, and converts percentage to decimal explicitly, enhancing pedagogical clarity.",False,,dbr_medium,True,False,False,,,,
dbr_pair_0016,outputs\runs\dbr_confirmatory_seed211_20260428_222918,211,dbr_confirmatory_seed211_20260428_222918,2,qwen2.5:0.5b,gsm8k_f82367dd28b2e04a,dbr_medium,pure_recycling,qwen_dbr_pairwise,cerebras,qwen-3-235b-a22b-instruct-2507,Tie,0,Both explanations contain significant errors and fail to align with the gold answer; neither is pedagogically sound.,False,,Tie,False,False,True,,,,
dbr_pair_0017,outputs\runs\dbr_confirmatory_seed212_20260428_230709,212,dbr_confirmatory_seed212_20260428_230709,2,qwen2.5:0.5b,gsm8k_0282e6150601a032,dbr_medium,pure_recycling,qwen_dbr_pairwise,cerebras,qwen-3-235b-a22b-instruct-2507,B,2,"Explanation B is better structured with clear step-by-step reasoning, uses consistent terminology, and explicitly separates the solution into logical steps, enhancing clarity and pedagogical effectiveness.",False,,pure_recycling,False,True,False,,,,
dbr_pair_0018,outputs\runs\dbr_confirmatory_seed212_20260428_230709,212,dbr_confirmatory_seed212_20260428_230709,2,qwen2.5:0.5b,gsm8k_05ae11a96390f2ab,pure_recycling,dbr_medium,qwen_dbr_pairwise,cerebras,qwen-3-235b-a22b-instruct-2507,Tie,0,"Both explanations contain critical errors and do not match the gold answer. A incorrectly omits the final day's 2 pills. B misinterprets 'cut in half' as half of 50, not half of previous dose. Neither reaches correct reasoning or answer.",False,,Tie,False,False,True,,,,
dbr_pair_0019,outputs\runs\dbr_confirmatory_seed212_20260428_230709,212,dbr_confirmatory_seed212_20260428_230709,2,qwen2.5:0.5b,gsm8k_06065e55731f16a9,pure_recycling,dbr_medium,qwen_dbr_pairwise,cerebras,qwen-3-235b-a22b-instruct-2507,Tie,0,"Both explanations contain significant errors in categorizing individuals and assigning ticket prices, leading to incorrect reasoning and answers. Neither correctly identifies that Mrs. Lopez and her husband are adults, her parents are seniors, and only the 7- and 10-year-olds qualify as children. Both are equally flawed pedagogically.",False,,Tie,False,False,True,,,,
dbr_pair_0020,outputs\runs\dbr_confirmatory_seed212_20260428_230709,212,dbr_confirmatory_seed212_20260428_230709,2,qwen2.5:0.5b,gsm8k_073a7e51dfec7d61,dbr_medium,pure_recycling,qwen_dbr_pairwise,cerebras,qwen-3-235b-a22b-instruct-2507,B,2,"Explanation B is clearer, better structured, and avoids redundancy. It correctly labels steps, uses consistent terminology, and presents calculations in a logical flow without extra fluff. Explanation A incorrectly states '7 pages each on her essay' instead of 7 copies, which is misleading.",False,,pure_recycling,False,True,False,,,,
dbr_pair_0021,outputs\runs\dbr_confirmatory_seed212_20260428_230709,212,dbr_confirmatory_seed212_20260428_230709,2,qwen2.5:0.5b,gsm8k_3964a3274598c6ef,dbr_medium,pure_recycling,qwen_dbr_pairwise,cerebras,qwen-3-235b-a22b-instruct-2507,A,2,"Explanation A correctly follows the logic of the problem, clearly explaining each step and correctly concluding that James pays $175 and has $325 left. Explanation B contains a critical error in step 4 by subtracting the roommate's payment from James's bank balance, implying James keeps less, then incorrectly subtracts again, leading to the wrong final amount. This is misleading and mathematically unsound.",False,,dbr_medium,True,False,False,,,,
dbr_pair_0022,outputs\runs\dbr_confirmatory_seed212_20260428_230709,212,dbr_confirmatory_seed212_20260428_230709,2,qwen2.5:0.5b,gsm8k_3a047bfaf156eddb,pure_recycling,dbr_medium,qwen_dbr_pairwise,cerebras,qwen-3-235b-a22b-instruct-2507,B,2,"Explanation B is clearer, logically structured, uses correct terminology, and avoids errors. Explanation A contains redundant steps, mislabels variables, and arrives at a wrong answer.",False,,dbr_medium,True,False,False,,,,
dbr_pair_0023,outputs\runs\dbr_confirmatory_seed212_20260428_230709,212,dbr_confirmatory_seed212_20260428_230709,2,qwen2.5:0.5b,gsm8k_3bf002b9f80270b0,dbr_medium,pure_recycling,qwen_dbr_pairwise,cerebras,qwen-3-235b-a22b-instruct-2507,Tie,0,Both explanations contain significant errors and are misleading; neither correctly follows the problem logic or arrives at the correct answer of 25 liters.,False,,Tie,False,False,True,,,,
dbr_pair_0024,outputs\runs\dbr_confirmatory_seed212_20260428_230709,212,dbr_confirmatory_seed212_20260428_230709,2,qwen2.5:0.5b,gsm8k_54da51410a6325d7,dbr_medium,pure_recycling,qwen_dbr_pairwise,cerebras,qwen-3-235b-a22b-instruct-2507,Tie,0,"Both explanations are incorrect and introduce false information (e.g., 5 loaves of bread), deviating from the gold answer. Neither matches the correct logic or values.",False,,Tie,False,False,True,,,,
dbr_pair_0025,outputs\runs\dbr_confirmatory_seed212_20260428_230709,212,dbr_confirmatory_seed212_20260428_230709,2,qwen2.5:0.5b,gsm8k_615afdc77a9e7b9c,dbr_medium,pure_recycling,qwen_dbr_pairwise,cerebras,qwen-3-235b-a22b-instruct-2507,B,2,"Explanation B correctly calculates the number of large posters and aligns with the gold answer, while Explanation A contains a computational error (15 instead of 5). B uses clear steps, proper terminology, and sound reasoning.",False,,pure_recycling,False,True,False,,,,
dbr_pair_0026,outputs\runs\dbr_confirmatory_seed212_20260428_230709,212,dbr_confirmatory_seed212_20260428_230709,2,qwen2.5:0.5b,gsm8k_6c66d56609b4a9c5,dbr_medium,pure_recycling,qwen_dbr_pairwise,cerebras,qwen-3-235b-a22b-instruct-2507,Tie,0,"Both explanations are incorrect and misleading, failing to match the gold answer or sound reasoning.",False,,Tie,False,False,True,,,,
dbr_pair_0027,outputs\runs\dbr_confirmatory_seed212_20260428_230709,212,dbr_confirmatory_seed212_20260428_230709,2,qwen2.5:0.5b,gsm8k_8c05d15a029834a5,dbr_medium,pure_recycling,qwen_dbr_pairwise,cerebras,qwen-3-235b-a22b-instruct-2507,B,2,"Explanation B is better structured with clear section headers, consistent formatting, and a more formal pedagogical flow. It emphasizes reasoning in each step and clearly separates concepts, making it easier for learners to follow and replicate the problem-solving process.",False,,pure_recycling,False,True,False,,,,
dbr_pair_0028,outputs\runs\dbr_confirmatory_seed212_20260428_230709,212,dbr_confirmatory_seed212_20260428_230709,2,qwen2.5:0.5b,gsm8k_924da94694f884fb,dbr_medium,pure_recycling,qwen_dbr_pairwise,cerebras,qwen-3-235b-a22b-instruct-2507,Tie,0,Both explanations contain critical errors and do not align with the gold answer. A incorrectly calculates total time and arrives at 51 seconds. B misinterprets the timing relationship and arrives at 26 seconds. Neither follows correct logic. Both are pedagogically flawed.,False,,Tie,False,False,True,,,,
dbr_pair_0031,outputs\runs\dbr_confirmatory_seed212_20260428_230709,212,dbr_confirmatory_seed212_20260428_230709,2,qwen2.5:0.5b,gsm8k_e181b20fdc799673,dbr_medium,pure_recycling,qwen_dbr_pairwise,cerebras,qwen-3-235b-a22b-instruct-2507,Tie,0,Both explanations are incorrect and pedagogically flawed.,False,,Tie,False,False,True,,,,
dbr_pair_0032,outputs\runs\dbr_confirmatory_seed212_20260428_230709,212,dbr_confirmatory_seed212_20260428_230709,2,qwen2.5:0.5b,gsm8k_e872987e1dd4435a,pure_recycling,dbr_medium,qwen_dbr_pairwise,cerebras,qwen-3-235b-a22b-instruct-2507,A,2,"Explanation A is clearer, correctly identifies Prince (not Bill) as the butcher, and avoids the misleading statement in B that implies Prince owns the bull. A also structures steps logically and uses consistent terminology.",False,,pure_recycling,False,True,False,,,,
dbr_pair_0033,outputs\runs\dbr_confirmatory_seed213_20260430_115105,213,dbr_confirmatory_seed213_20260430_115105,2,qwen2.5:0.5b,gsm8k_05ae11a96390f2ab,dbr_medium,pure_recycling,qwen_dbr_pairwise,cerebras,qwen-3-235b-a22b-instruct-2507,A,2,"Explanation A is clear, correctly structured, uses accurate terminology, and avoids errors. Explanation B contains repeated mistakes and incorrect calculations, especially in halving the dosage and misstating the total pills taken.",False,,dbr_medium,True,False,False,,,,
dbr_pair_0034,outputs\runs\dbr_confirmatory_seed213_20260430_115105,213,dbr_confirmatory_seed213_20260430_115105,2,qwen2.5:0.5b,gsm8k_3f6e2f7a4278979f,dbr_medium,pure_recycling,qwen_dbr_pairwise,cerebras,qwen-3-235b-a22b-instruct-2507,B,2,"Explanation B correctly identifies the number of customers in each group and calculates accurately. Explanation A misinterprets group sizes using division by 2, 1, and 4 incorrectly, leading to wrong totals. B uses clear steps, correct reasoning, and proper terminology.",False,,pure_recycling,False,True,False,,,,
dbr_pair_0036,outputs\runs\dbr_confirmatory_seed213_20260430_115105,213,dbr_confirmatory_seed213_20260430_115105,2,qwen2.5:0.5b,gsm8k_57bef5a901032dff,pure_recycling,dbr_medium,qwen_dbr_pairwise,cerebras,qwen-3-235b-a22b-instruct-2507,Tie,2,"Both explanations are clear, well-structured, and use correct reasoning, but both contain the same critical error: miscalculating the refurbished T-shirt price as $3 instead of $2.50. This shared inaccuracy negates pedagogical superiority despite strong step-by-step presentation.",False,,Tie,False,False,True,,,,
dbr_pair_0037,outputs\runs\dbr_confirmatory_seed213_20260430_115105,213,dbr_confirmatory_seed213_20260430_115105,2,qwen2.5:0.5b,gsm8k_7144115b486054b0,dbr_medium,pure_recycling,qwen_dbr_pairwise,cerebras,qwen-3-235b-a22b-instruct-2507,Tie,0,Both explanations contain significant errors and fail to correctly solve the problem. Neither matches the gold answer or provides a valid pedagogical path to the correct solution.,False,,Tie,False,False,True,,,,
dbr_pair_0038,outputs\runs\dbr_confirmatory_seed213_20260430_115105,213,dbr_confirmatory_seed213_20260430_115105,2,qwen2.5:0.5b,gsm8k_8a09bf12e428bb07,dbr_medium,pure_recycling,qwen_dbr_pairwise,cerebras,qwen-3-235b-a22b-instruct-2507,Tie,1,"Both explanations contain significant errors and misleading information, making them equally poor pedagogically.",False,,Tie,False,False,True,,,,
dbr_pair_0039,outputs\runs\dbr_confirmatory_seed213_20260430_115105,213,dbr_confirmatory_seed213_20260430_115105,2,qwen2.5:0.5b,gsm8k_8e99587060ff8a2f,pure_recycling,dbr_medium,qwen_dbr_pairwise,cerebras,qwen-3-235b-a22b-instruct-2507,B,2,"Explanation B is clearer, uses fewer variables, follows a logical step structure, and avoids unnecessary trial-and-error. It correctly derives and solves the equation directly, making it more pedagogically effective.",False,,dbr_medium,True,False,False,,,,
dbr_pair_0040,outputs\runs\dbr_confirmatory_seed213_20260430_115105,213,dbr_confirmatory_seed213_20260430_115105,2,qwen2.5:0.5b,gsm8k_9144453208693197,pure_recycling,dbr_medium,qwen_dbr_pairwise,cerebras,qwen-3-235b-a22b-instruct-2507,B,2,"Explanation B is clearer with better formatting, uses consistent terminology, and presents steps more concisely while maintaining sound reasoning and pedagogical structure.",False,,dbr_medium,True,False,False,,,,
dbr_pair_0041,outputs\runs\dbr_confirmatory_seed213_20260430_115105,213,dbr_confirmatory_seed213_20260430_115105,2,qwen2.5:0.5b,gsm8k_a31e424584aadb3a,dbr_medium,pure_recycling,qwen_dbr_pairwise,cerebras,qwen-3-235b-a22b-instruct-2507,A,2,"Explanation A is clear, correctly calculates the total cost step by step, and uses accurate terminology. Explanation B contains a critical error by assuming 7 adults and 7 children, leading to a wrong total; this makes it misleading despite its structured appearance.",False,,dbr_medium,True,False,False,,,,
dbr_pair_0042,outputs\runs\dbr_confirmatory_seed213_20260430_115105,213,dbr_confirmatory_seed213_20260430_115105,2,qwen2.5:0.5b,gsm8k_c1442d0ed5f20cb9,pure_recycling,dbr_medium,qwen_dbr_pairwise,cerebras,qwen-3-235b-a22b-instruct-2507,B,2,"Explanation B is clearer and more direct by focusing on the 20% James pays, uses consistent formatting, and avoids redundant steps, making it more pedagogically effective.",False,,dbr_medium,True,False,False,,,,
dbr_pair_0043,outputs\runs\dbr_confirmatory_seed213_20260430_115105,213,dbr_confirmatory_seed213_20260430_115105,2,qwen2.5:0.5b,gsm8k_dae4847971e472c7,pure_recycling,dbr_medium,qwen_dbr_pairwise,cerebras,qwen-3-235b-a22b-instruct-2507,Tie,1,Both explanations contain critical errors in interpreting 'twice a week' and fail to match the gold answer; neither correctly structures the steps as per the gold solution.,False,,Tie,False,False,True,,,,
dbr_pair_0044,outputs\runs\dbr_confirmatory_seed213_20260430_115105,213,dbr_confirmatory_seed213_20260430_115105,2,qwen2.5:0.5b,gsm8k_e48477c944aa60d6,pure_recycling,dbr_medium,qwen_dbr_pairwise,cerebras,qwen-3-235b-a22b-instruct-2507,A,2,"Explanation A is clearer, correctly concludes with the total amount paid ($1430), and avoids the error in B, which incorrectly states the final answer is $130. B is well-structured but contains a critical misleading error in the final answer.",False,,pure_recycling,False,True,False,,,,
dbr_pair_0045,outputs\runs\dbr_confirmatory_seed213_20260430_115105,213,dbr_confirmatory_seed213_20260430_115105,2,qwen2.5:0.5b,gsm8k_e7df5130dd68f90e,pure_recycling,dbr_medium,qwen_dbr_pairwise,cerebras,qwen-3-235b-a22b-instruct-2507,B,2,"Explanation B provides clearer step-by-step reasoning with labeled sections and proper use of mathematical notation, enhancing pedagogical clarity and structure over A.",False,,dbr_medium,True,False,False,,,,
dbr_pair_0047,outputs\runs\dbr_confirmatory_seed213_20260430_115105,213,dbr_confirmatory_seed213_20260430_115105,2,qwen2.5:0.5b,gsm8k_f82367dd28b2e04a,dbr_medium,pure_recycling,qwen_dbr_pairwise,cerebras,qwen-3-235b-a22b-instruct-2507,Tie,0,Both explanations are incorrect and contain fundamental reasoning errors; neither matches the gold answer or provides valid pedagogy.,False,,Tie,False,False,True,,,,
dbr_pair_0048,outputs\runs\dbr_confirmatory_seed213_20260430_115105,213,dbr_confirmatory_seed213_20260430_115105,2,qwen2.5:0.5b,gsm8k_fb2796666117aba0,dbr_medium,pure_recycling,qwen_dbr_pairwise,cerebras,qwen-3-235b-a22b-instruct-2507,Tie,2,"Both explanations contain the same critical error: misreading the problem by assuming half are hung vertically instead of horizontally, leading to incorrect reasoning despite clear structure.",False,,Tie,False,False,True,,,,
