source_run_dir,source_step_dir,source_seed,run_id,branch,generation,model_name,example_id,qwen_judge_provider,qwen_judge_model,qwen_clarity,qwen_structure,qwen_terminology,qwen_reasoning_soundness,qwen_overall_pedagogical_score,qwen_is_silent_error,qwen_comment,qwen_repair_applied,qwen_repair_actions
outputs\runs\training_confirmatory_anchor20_seed71_20260425_141959,outputs\runs\training_confirmatory_anchor20_seed71_20260425_141959\qwen2.5_0.5b__pure_recycling__ft_g1_s71\pure_recycling\gen_1,71,didactic_collapse_training_confirmatory_anchor20_seed71_20260425_141959,pure_recycling,1,qwen2.5:0.5b__pure_recycling__ft_g1_s71,gsm8k_72861951c495a29c,cerebras,qwen-3-235b-a22b-instruct-2507,1,1,1,0,3,True,Incorrect calculation and logic; misinterprets sheep and goats as separate counts,False,
outputs\runs\training_confirmatory_anchor20_seed71_20260425_141959,outputs\runs\training_confirmatory_anchor20_seed71_20260425_141959\qwen2.5_0.5b__pure_recycling__ft_g1_s71\pure_recycling\gen_1,71,didactic_collapse_training_confirmatory_anchor20_seed71_20260425_141959,pure_recycling,1,qwen2.5:0.5b__pure_recycling__ft_g1_s71,gsm8k_a1d02c8b1ef9543b,cerebras,qwen-3-235b-a22b-instruct-2507,2,2,2,1,7,True,Solution contains a critical calculation error in variable substitution leading to wrong final answer,False,
outputs\runs\training_confirmatory_anchor20_seed71_20260425_141959,outputs\runs\training_confirmatory_anchor20_seed71_20260425_141959\qwen2.5_0.5b__pure_recycling__ft_g1_s71\pure_recycling\gen_1,71,didactic_collapse_training_confirmatory_anchor20_seed71_20260425_141959,pure_recycling,1,qwen2.5:0.5b__pure_recycling__ft_g1_s71,gsm8k_b214592673a94bf7,cerebras,qwen-3-235b-a22b-instruct-2507,2,2,2,2,8,False,"Clear, well-structured explanation with correct reasoning and proper terminology usage.",False,
outputs\runs\training_confirmatory_anchor20_seed71_20260425_141959,outputs\runs\training_confirmatory_anchor20_seed71_20260425_141959\qwen2.5_0.5b__pure_recycling__ft_g1_s71\pure_recycling\gen_1,71,didactic_collapse_training_confirmatory_anchor20_seed71_20260425_141959,pure_recycling,1,qwen2.5:0.5b__pure_recycling__ft_g1_s71,gsm8k_a6eac0863ea39d80,cerebras,qwen-3-235b-a22b-instruct-2507,2,2,2,0,6,True,Correct steps but wrong leaf count due to using 400 leaves instead of 24000 per tree,False,
outputs\runs\training_confirmatory_anchor20_seed71_20260425_141959,outputs\runs\training_confirmatory_anchor20_seed71_20260425_141959\qwen2.5_0.5b__pure_recycling__ft_g1_s71\pure_recycling\gen_1,71,didactic_collapse_training_confirmatory_anchor20_seed71_20260425_141959,pure_recycling,1,qwen2.5:0.5b__pure_recycling__ft_g1_s71,gsm8k_1272bd82df9a0426,cerebras,qwen-3-235b-a22b-instruct-2507,0,0,0,0,0,True,The model output is incorrect and lacks any reasoning or explanation.,False,
outputs\runs\training_confirmatory_anchor20_seed71_20260425_141959,outputs\runs\training_confirmatory_anchor20_seed71_20260425_141959\qwen2.5_0.5b__pure_recycling__ft_g1_s71\pure_recycling\gen_1,71,didactic_collapse_training_confirmatory_anchor20_seed71_20260425_141959,pure_recycling,1,qwen2.5:0.5b__pure_recycling__ft_g1_s71,gsm8k_e181b20fdc799673,cerebras,qwen-3-235b-a22b-instruct-2507,1,1,1,0,3,True,"The model incorrectly calculates rotations and misunderstands the problem scope, leading to a wrong answer.",False,
outputs\runs\training_confirmatory_anchor20_seed71_20260425_141959,outputs\runs\training_confirmatory_anchor20_seed71_20260425_141959\qwen2.5_0.5b__pure_recycling__ft_g1_s71\pure_recycling\gen_1,71,didactic_collapse_training_confirmatory_anchor20_seed71_20260425_141959,pure_recycling,1,qwen2.5:0.5b__pure_recycling__ft_g1_s71,gsm8k_709baff43514df94,cerebras,qwen-3-235b-a22b-instruct-2507,1,1,2,0,4,True,Incorrect distance calculation; forgot round trip for work commutes,False,
outputs\runs\training_confirmatory_anchor20_seed71_20260425_141959,outputs\runs\training_confirmatory_anchor20_seed71_20260425_141959\qwen2.5_0.5b__pure_recycling__ft_g1_s71\pure_recycling\gen_1,71,didactic_collapse_training_confirmatory_anchor20_seed71_20260425_141959,pure_recycling,1,qwen2.5:0.5b__pure_recycling__ft_g1_s71,gsm8k_a31e424584aadb3a,cerebras,qwen-3-235b-a22b-instruct-2507,1,1,1,0,3,True,Incorrect calculation and flawed reasoning despite clear step-by-step explanation,False,
outputs\runs\training_confirmatory_anchor20_seed71_20260425_141959,outputs\runs\training_confirmatory_anchor20_seed71_20260425_141959\qwen2.5_0.5b__anchor_20_append__ft_g1_s71\anchor_20_append\gen_1,71,didactic_collapse_training_confirmatory_anchor20_seed71_20260425_141959,anchor_20_append,1,qwen2.5:0.5b__anchor_20_append__ft_g1_s71,gsm8k_c234d36d336bf4c3,cerebras,qwen-3-235b-a22b-instruct-2507,1,1,1,0,3,True,Incorrect deficit calculation and wrong sign handling leading to erroneous reasoning despite correct final number,False,
outputs\runs\training_confirmatory_anchor20_seed71_20260425_141959,outputs\runs\training_confirmatory_anchor20_seed71_20260425_141959\qwen2.5_0.5b__anchor_20_append__ft_g1_s71\anchor_20_append\gen_1,71,didactic_collapse_training_confirmatory_anchor20_seed71_20260425_141959,anchor_20_append,1,qwen2.5:0.5b__anchor_20_append__ft_g1_s71,gsm8k_3c4bca538004b1b0,cerebras,qwen-3-235b-a22b-instruct-2507,1,1,2,0,4,True,Incorrect conclusion due to wrong subtraction order and misleading final statement,False,
outputs\runs\training_confirmatory_anchor20_seed71_20260425_141959,outputs\runs\training_confirmatory_anchor20_seed71_20260425_141959\qwen2.5_0.5b__anchor_20_append__ft_g1_s71\anchor_20_append\gen_1,71,didactic_collapse_training_confirmatory_anchor20_seed71_20260425_141959,anchor_20_append,1,qwen2.5:0.5b__anchor_20_append__ft_g1_s71,gsm8k_df4fa9a43d44f0c5,cerebras,qwen-3-235b-a22b-instruct-2507,2,2,2,2,8,False,"Clear, well-structured, accurate reasoning with correct terminology and no errors.",False,
outputs\runs\training_confirmatory_anchor20_seed71_20260425_141959,outputs\runs\training_confirmatory_anchor20_seed71_20260425_141959\qwen2.5_0.5b__anchor_20_append__ft_g1_s71\anchor_20_append\gen_1,71,didactic_collapse_training_confirmatory_anchor20_seed71_20260425_141959,anchor_20_append,1,qwen2.5:0.5b__anchor_20_append__ft_g1_s71,gsm8k_fb2796666117aba0,cerebras,qwen-3-235b-a22b-instruct-2507,2,2,2,0,6,True,Correct steps but wrong final answer due to logical error in setup,False,
outputs\runs\training_confirmatory_anchor20_seed71_20260425_141959,outputs\runs\training_confirmatory_anchor20_seed71_20260425_141959\qwen2.5_0.5b__anchor_20_append__ft_g1_s71\anchor_20_append\gen_1,71,didactic_collapse_training_confirmatory_anchor20_seed71_20260425_141959,anchor_20_append,1,qwen2.5:0.5b__anchor_20_append__ft_g1_s71,gsm8k_81d7552fb9d99405,cerebras,qwen-3-235b-a22b-instruct-2507,1,1,2,0,4,True,Incorrect reasoning due to misinterpreting Dallas's current and original marble counts,False,
outputs\runs\training_confirmatory_anchor20_seed71_20260425_141959,outputs\runs\training_confirmatory_anchor20_seed71_20260425_141959\qwen2.5_0.5b__anchor_20_append__ft_g1_s71\anchor_20_append\gen_1,71,didactic_collapse_training_confirmatory_anchor20_seed71_20260425_141959,anchor_20_append,1,qwen2.5:0.5b__anchor_20_append__ft_g1_s71,gsm8k_ae155e5cb7acdf42,cerebras,qwen-3-235b-a22b-instruct-2507,2,2,2,2,8,False,"Clear, well-structured, accurate reasoning with correct terminology and no errors.",False,
outputs\runs\training_confirmatory_anchor20_seed71_20260425_141959,outputs\runs\training_confirmatory_anchor20_seed71_20260425_141959\qwen2.5_0.5b__anchor_20_append__ft_g1_s71\anchor_20_append\gen_1,71,didactic_collapse_training_confirmatory_anchor20_seed71_20260425_141959,anchor_20_append,1,qwen2.5:0.5b__anchor_20_append__ft_g1_s71,gsm8k_7881d1b460375c50,cerebras,qwen-3-235b-a22b-instruct-2507,1,1,1,0,3,True,"The model incorrectly sets up the equation and arrives at a negative number of fleas, which is impossible.",False,
outputs\runs\training_confirmatory_anchor20_seed71_20260425_141959,outputs\runs\training_confirmatory_anchor20_seed71_20260425_141959\qwen2.5_0.5b__anchor_20_append__ft_g1_s71\anchor_20_append\gen_1,71,didactic_collapse_training_confirmatory_anchor20_seed71_20260425_141959,anchor_20_append,1,qwen2.5:0.5b__anchor_20_append__ft_g1_s71,gsm8k_f7344564aacafdad,cerebras,qwen-3-235b-a22b-instruct-2507,1,1,0,0,2,True,"Incorrectly swaps Liam and Mitchell and uses wrong data, leading to false conclusion",False,
outputs\runs\training_confirmatory_anchor20_seed72_20260426_101349,outputs\runs\training_confirmatory_anchor20_seed72_20260426_101349\qwen2.5_0.5b__pure_recycling__ft_g1_s72\pure_recycling\gen_1,72,didactic_collapse_training_confirmatory_anchor20_seed72_20260426_101349,pure_recycling,1,qwen2.5:0.5b__pure_recycling__ft_g1_s72,gsm8k_4f92ecf7951a45cb,cerebras,qwen-3-235b-a22b-instruct-2507,2,2,2,0,6,True,Solution incorrectly ignores dropped marshmallows and miscalculates remaining s'mores,False,
outputs\runs\training_confirmatory_anchor20_seed72_20260426_101349,outputs\runs\training_confirmatory_anchor20_seed72_20260426_101349\qwen2.5_0.5b__pure_recycling__ft_g1_s72\pure_recycling\gen_1,72,didactic_collapse_training_confirmatory_anchor20_seed72_20260426_101349,pure_recycling,1,qwen2.5:0.5b__pure_recycling__ft_g1_s72,gsm8k_3598f5bfbc235ba7,cerebras,qwen-3-235b-a22b-instruct-2507,2,2,2,0,6,True,Correct steps but final calculation error due to multiplying profit by students again,False,
outputs\runs\training_confirmatory_anchor20_seed72_20260426_101349,outputs\runs\training_confirmatory_anchor20_seed72_20260426_101349\qwen2.5_0.5b__pure_recycling__ft_g1_s72\pure_recycling\gen_1,72,didactic_collapse_training_confirmatory_anchor20_seed72_20260426_101349,pure_recycling,1,qwen2.5:0.5b__pure_recycling__ft_g1_s72,gsm8k_563a19e83bd7c8bd,cerebras,qwen-3-235b-a22b-instruct-2507,2,2,2,0,6,True,Correctly structured and clear but contains a critical error in time-unit conversion leading to wrong result,False,
outputs\runs\training_confirmatory_anchor20_seed72_20260426_101349,outputs\runs\training_confirmatory_anchor20_seed72_20260426_101349\qwen2.5_0.5b__pure_recycling__ft_g1_s72\pure_recycling\gen_1,72,didactic_collapse_training_confirmatory_anchor20_seed72_20260426_101349,pure_recycling,1,qwen2.5:0.5b__pure_recycling__ft_g1_s72,gsm8k_f43d5cd68277f07a,cerebras,qwen-3-235b-a22b-instruct-2507,1,1,2,1,5,True,Incorrect final answer due to missing apple eaten during walk home,False,
outputs\runs\training_confirmatory_anchor20_seed72_20260426_101349,outputs\runs\training_confirmatory_anchor20_seed72_20260426_101349\qwen2.5_0.5b__pure_recycling__ft_g1_s72\pure_recycling\gen_1,72,didactic_collapse_training_confirmatory_anchor20_seed72_20260426_101349,pure_recycling,1,qwen2.5:0.5b__pure_recycling__ft_g1_s72,gsm8k_b2a5f58d3e88df9a,cerebras,qwen-3-235b-a22b-instruct-2507,2,2,2,2,8,False,"Clear, correct, and well-structured explanation with accurate reasoning and proper terminology.",False,
outputs\runs\training_confirmatory_anchor20_seed72_20260426_101349,outputs\runs\training_confirmatory_anchor20_seed72_20260426_101349\qwen2.5_0.5b__pure_recycling__ft_g1_s72\pure_recycling\gen_1,72,didactic_collapse_training_confirmatory_anchor20_seed72_20260426_101349,pure_recycling,1,qwen2.5:0.5b__pure_recycling__ft_g1_s72,gsm8k_6b5950a572d22be9,cerebras,qwen-3-235b-a22b-instruct-2507,2,2,2,2,8,False,"Clear, well-structured, and accurate reasoning with correct terminology and no errors.",False,
outputs\runs\training_confirmatory_anchor20_seed72_20260426_101349,outputs\runs\training_confirmatory_anchor20_seed72_20260426_101349\qwen2.5_0.5b__pure_recycling__ft_g1_s72\pure_recycling\gen_1,72,didactic_collapse_training_confirmatory_anchor20_seed72_20260426_101349,pure_recycling,1,qwen2.5:0.5b__pure_recycling__ft_g1_s72,gsm8k_a399fe1ace987422,cerebras,qwen-3-235b-a22b-instruct-2507,1,1,2,0,4,True,Incorrect calculation of remaining money leads to wrong answer despite correct initial steps,False,
outputs\runs\training_confirmatory_anchor20_seed72_20260426_101349,outputs\runs\training_confirmatory_anchor20_seed72_20260426_101349\qwen2.5_0.5b__pure_recycling__ft_g1_s72\pure_recycling\gen_1,72,didactic_collapse_training_confirmatory_anchor20_seed72_20260426_101349,pure_recycling,1,qwen2.5:0.5b__pure_recycling__ft_g1_s72,gsm8k_6b159ab8328a8ad6,cerebras,qwen-3-235b-a22b-instruct-2507,1,1,1,0,3,True,The model incorrectly calculates savings per bagel by comparing total dozen cost to single bagel cost.,False,
outputs\runs\training_confirmatory_anchor20_seed72_20260426_101349,outputs\runs\training_confirmatory_anchor20_seed72_20260426_101349\qwen2.5_0.5b__anchor_20_append__ft_g1_s72\anchor_20_append\gen_1,72,didactic_collapse_training_confirmatory_anchor20_seed72_20260426_101349,anchor_20_append,1,qwen2.5:0.5b__anchor_20_append__ft_g1_s72,gsm8k_676fd8a55c1b8f22,cerebras,qwen-3-235b-a22b-instruct-2507,2,2,2,1,7,True,Correct reasoning but wrong final addition due to arithmetic error,False,
outputs\runs\training_confirmatory_anchor20_seed72_20260426_101349,outputs\runs\training_confirmatory_anchor20_seed72_20260426_101349\qwen2.5_0.5b__anchor_20_append__ft_g1_s72\anchor_20_append\gen_1,72,didactic_collapse_training_confirmatory_anchor20_seed72_20260426_101349,anchor_20_append,1,qwen2.5:0.5b__anchor_20_append__ft_g1_s72,gsm8k_7f453236478ea082,cerebras,qwen-3-235b-a22b-instruct-2507,1,1,0,0,2,True,Contains incorrect sailor counts and miscalculates monthly earnings due to flawed logic and terminology misuse.,False,
outputs\runs\training_confirmatory_anchor20_seed72_20260426_101349,outputs\runs\training_confirmatory_anchor20_seed72_20260426_101349\qwen2.5_0.5b__anchor_20_append__ft_g1_s72\anchor_20_append\gen_1,72,didactic_collapse_training_confirmatory_anchor20_seed72_20260426_101349,anchor_20_append,1,qwen2.5:0.5b__anchor_20_append__ft_g1_s72,gsm8k_cba56dac50dbe919,cerebras,qwen-3-235b-a22b-instruct-2507,2,2,2,2,8,False,"Clear, well-structured, accurate reasoning with correct terminology and no errors.",False,
outputs\runs\training_confirmatory_anchor20_seed72_20260426_101349,outputs\runs\training_confirmatory_anchor20_seed72_20260426_101349\qwen2.5_0.5b__anchor_20_append__ft_g1_s72\anchor_20_append\gen_1,72,didactic_collapse_training_confirmatory_anchor20_seed72_20260426_101349,anchor_20_append,1,qwen2.5:0.5b__anchor_20_append__ft_g1_s72,gsm8k_05ae11a96390f2ab,cerebras,qwen-3-235b-a22b-instruct-2507,2,1,2,1,6,True,"Solution contains a critical error in dosage calculation after day two, leading to wrong answer.",False,
outputs\runs\training_confirmatory_anchor20_seed72_20260426_101349,outputs\runs\training_confirmatory_anchor20_seed72_20260426_101349\qwen2.5_0.5b__anchor_20_append__ft_g1_s72\anchor_20_append\gen_1,72,didactic_collapse_training_confirmatory_anchor20_seed72_20260426_101349,anchor_20_append,1,qwen2.5:0.5b__anchor_20_append__ft_g1_s72,gsm8k_a1d02c8b1ef9543b,cerebras,qwen-3-235b-a22b-instruct-2507,2,2,2,0,6,True,"Correct steps but wrong calculation for Marcus's pencils, leading to incorrect final answer",False,
outputs\runs\training_confirmatory_anchor20_seed72_20260426_101349,outputs\runs\training_confirmatory_anchor20_seed72_20260426_101349\qwen2.5_0.5b__anchor_20_append__ft_g1_s72\anchor_20_append\gen_1,72,didactic_collapse_training_confirmatory_anchor20_seed72_20260426_101349,anchor_20_append,1,qwen2.5:0.5b__anchor_20_append__ft_g1_s72,gsm8k_ab5687179849c3c8,cerebras,qwen-3-235b-a22b-instruct-2507,2,2,2,2,8,False,"Clear, well-structured, accurate reasoning with proper terminology and correct final answer.",False,
outputs\runs\training_confirmatory_anchor20_seed72_20260426_101349,outputs\runs\training_confirmatory_anchor20_seed72_20260426_101349\qwen2.5_0.5b__anchor_20_append__ft_g1_s72\anchor_20_append\gen_1,72,didactic_collapse_training_confirmatory_anchor20_seed72_20260426_101349,anchor_20_append,1,qwen2.5:0.5b__anchor_20_append__ft_g1_s72,gsm8k_5d837ba1d990c6ef,cerebras,qwen-3-235b-a22b-instruct-2507,1,1,1,0,3,True,Solution contains incorrect reasoning and wrong final answer despite partial correct setup,False,
outputs\runs\training_confirmatory_anchor20_seed72_20260426_101349,outputs\runs\training_confirmatory_anchor20_seed72_20260426_101349\qwen2.5_0.5b__anchor_20_append__ft_g1_s72\anchor_20_append\gen_1,72,didactic_collapse_training_confirmatory_anchor20_seed72_20260426_101349,anchor_20_append,1,qwen2.5:0.5b__anchor_20_append__ft_g1_s72,gsm8k_8d09275ea3ae3059,cerebras,qwen-3-235b-a22b-instruct-2507,0,0,0,0,0,True,"The model incorrectly converts minutes to hours and miscalculates days, leading to a nonsensical answer of 4 days per day.",False,
outputs\runs\training_confirmatory_anchor20_seed73_20260426_103916,outputs\runs\training_confirmatory_anchor20_seed73_20260426_103916\qwen2.5_0.5b__pure_recycling__ft_g1_s73\pure_recycling\gen_1,73,didactic_collapse_training_confirmatory_anchor20_seed73_20260426_103916,pure_recycling,1,qwen2.5:0.5b__pure_recycling__ft_g1_s73,gsm8k_3cc35792e56b1451,cerebras,qwen-3-235b-a22b-instruct-2507,2,2,2,0,6,True,"Final calculation error: should be 11 + 9, not 11 - 9, leading to incorrect answer",False,
outputs\runs\training_confirmatory_anchor20_seed73_20260426_103916,outputs\runs\training_confirmatory_anchor20_seed73_20260426_103916\qwen2.5_0.5b__pure_recycling__ft_g1_s73\pure_recycling\gen_1,73,didactic_collapse_training_confirmatory_anchor20_seed73_20260426_103916,pure_recycling,1,qwen2.5:0.5b__pure_recycling__ft_g1_s73,gsm8k_0ac593d8f267f631,cerebras,qwen-3-235b-a22b-instruct-2507,1,1,1,0,3,True,The model incorrectly introduces variables and arrives at a wrong final answer despite correct initial steps.,False,
outputs\runs\training_confirmatory_anchor20_seed73_20260426_103916,outputs\runs\training_confirmatory_anchor20_seed73_20260426_103916\qwen2.5_0.5b__pure_recycling__ft_g1_s73\pure_recycling\gen_1,73,didactic_collapse_training_confirmatory_anchor20_seed73_20260426_103916,pure_recycling,1,qwen2.5:0.5b__pure_recycling__ft_g1_s73,gsm8k_d5240674d763f764,cerebras,qwen-3-235b-a22b-instruct-2507,2,2,2,2,8,False,"Clear, well-structured, accurate reasoning with correct terminology and no errors.",False,
outputs\runs\training_confirmatory_anchor20_seed73_20260426_103916,outputs\runs\training_confirmatory_anchor20_seed73_20260426_103916\qwen2.5_0.5b__pure_recycling__ft_g1_s73\pure_recycling\gen_1,73,didactic_collapse_training_confirmatory_anchor20_seed73_20260426_103916,pure_recycling,1,qwen2.5:0.5b__pure_recycling__ft_g1_s73,gsm8k_8e58dec6fee63ac6,cerebras,qwen-3-235b-a22b-instruct-2507,1,1,2,1,5,True,Incorrect total due to not tripling muffins and wrong final calculation,False,
outputs\runs\training_confirmatory_anchor20_seed73_20260426_103916,outputs\runs\training_confirmatory_anchor20_seed73_20260426_103916\qwen2.5_0.5b__pure_recycling__ft_g1_s73\pure_recycling\gen_1,73,didactic_collapse_training_confirmatory_anchor20_seed73_20260426_103916,pure_recycling,1,qwen2.5:0.5b__pure_recycling__ft_g1_s73,gsm8k_3aa394d8a3b18954,cerebras,qwen-3-235b-a22b-instruct-2507,1,1,1,0,3,True,Incorrect calculation of monthly payment;忽略了本金的分期偿还，仅计算了利息,False,
outputs\runs\training_confirmatory_anchor20_seed73_20260426_103916,outputs\runs\training_confirmatory_anchor20_seed73_20260426_103916\qwen2.5_0.5b__pure_recycling__ft_g1_s73\pure_recycling\gen_1,73,didactic_collapse_training_confirmatory_anchor20_seed73_20260426_103916,pure_recycling,1,qwen2.5:0.5b__pure_recycling__ft_g1_s73,gsm8k_e4e0c723dd5b12ff,cerebras,qwen-3-235b-a22b-instruct-2507,2,2,2,2,8,True,Correct reasoning but fails to output final answer as specified,False,
outputs\runs\training_confirmatory_anchor20_seed73_20260426_103916,outputs\runs\training_confirmatory_anchor20_seed73_20260426_103916\qwen2.5_0.5b__pure_recycling__ft_g1_s73\pure_recycling\gen_1,73,didactic_collapse_training_confirmatory_anchor20_seed73_20260426_103916,pure_recycling,1,qwen2.5:0.5b__pure_recycling__ft_g1_s73,gsm8k_fd4cbda150cdc457,cerebras,qwen-3-235b-a22b-instruct-2507,2,2,2,0,6,True,Correct steps but final calculation error leads to wrong answer,False,
outputs\runs\training_confirmatory_anchor20_seed73_20260426_103916,outputs\runs\training_confirmatory_anchor20_seed73_20260426_103916\qwen2.5_0.5b__pure_recycling__ft_g1_s73\pure_recycling\gen_1,73,didactic_collapse_training_confirmatory_anchor20_seed73_20260426_103916,pure_recycling,1,qwen2.5:0.5b__pure_recycling__ft_g1_s73,gsm8k_c4ca34b2fa53c055,cerebras,qwen-3-235b-a22b-instruct-2507,1,1,1,0,3,True,"The model incorrectly calculates Jill's games and confuses wins with total plays, leading to a wrong answer.",False,
outputs\runs\training_confirmatory_anchor20_seed73_20260426_103916,outputs\runs\training_confirmatory_anchor20_seed73_20260426_103916\qwen2.5_0.5b__anchor_20_append__ft_g1_s73\anchor_20_append\gen_1,73,didactic_collapse_training_confirmatory_anchor20_seed73_20260426_103916,anchor_20_append,1,qwen2.5:0.5b__anchor_20_append__ft_g1_s73,gsm8k_994c04bf37913213,cerebras,qwen-3-235b-a22b-instruct-2507,1,1,1,0,3,True,Incorrect approach: failed to assign optimal tasks and miscalculated total time,False,
outputs\runs\training_confirmatory_anchor20_seed73_20260426_103916,outputs\runs\training_confirmatory_anchor20_seed73_20260426_103916\qwen2.5_0.5b__anchor_20_append__ft_g1_s73\anchor_20_append\gen_1,73,didactic_collapse_training_confirmatory_anchor20_seed73_20260426_103916,anchor_20_append,1,qwen2.5:0.5b__anchor_20_append__ft_g1_s73,gsm8k_90bb5c3febf609d1,cerebras,qwen-3-235b-a22b-instruct-2507,2,1,2,0,5,True,Incorrect initial interpretation of ticket cost leads to wrong total despite clear steps,False,
outputs\runs\training_confirmatory_anchor20_seed73_20260426_103916,outputs\runs\training_confirmatory_anchor20_seed73_20260426_103916\qwen2.5_0.5b__anchor_20_append__ft_g1_s73\anchor_20_append\gen_1,73,didactic_collapse_training_confirmatory_anchor20_seed73_20260426_103916,anchor_20_append,1,qwen2.5:0.5b__anchor_20_append__ft_g1_s73,gsm8k_610669aa2699abe0,cerebras,qwen-3-235b-a22b-instruct-2507,2,2,2,2,8,False,"Clear, well-structured, accurate reasoning with correct terminology and no errors.",False,
outputs\runs\training_confirmatory_anchor20_seed73_20260426_103916,outputs\runs\training_confirmatory_anchor20_seed73_20260426_103916\qwen2.5_0.5b__anchor_20_append__ft_g1_s73\anchor_20_append\gen_1,73,didactic_collapse_training_confirmatory_anchor20_seed73_20260426_103916,anchor_20_append,1,qwen2.5:0.5b__anchor_20_append__ft_g1_s73,gsm8k_5cd356be0b8f7db2,cerebras,qwen-3-235b-a22b-instruct-2507,2,2,2,0,6,True,Correct steps but wrong order in subtraction leads to negative answer,False,
outputs\runs\training_confirmatory_anchor20_seed73_20260426_103916,outputs\runs\training_confirmatory_anchor20_seed73_20260426_103916\qwen2.5_0.5b__anchor_20_append__ft_g1_s73\anchor_20_append\gen_1,73,didactic_collapse_training_confirmatory_anchor20_seed73_20260426_103916,anchor_20_append,1,qwen2.5:0.5b__anchor_20_append__ft_g1_s73,gsm8k_06d773d189af715c,cerebras,qwen-3-235b-a22b-instruct-2507,2,2,2,0,6,True,Correct steps but wrong final calculation due to incorrect initial earnings,False,
outputs\runs\training_confirmatory_anchor20_seed73_20260426_103916,outputs\runs\training_confirmatory_anchor20_seed73_20260426_103916\qwen2.5_0.5b__anchor_20_append__ft_g1_s73\anchor_20_append\gen_1,73,didactic_collapse_training_confirmatory_anchor20_seed73_20260426_103916,anchor_20_append,1,qwen2.5:0.5b__anchor_20_append__ft_g1_s73,gsm8k_8d09275ea3ae3059,cerebras,qwen-3-235b-a22b-instruct-2507,1,1,1,0,3,True,Incorrect approach and answer due to misinterpretation of walking days and total time,False,
outputs\runs\training_confirmatory_anchor20_seed73_20260426_103916,outputs\runs\training_confirmatory_anchor20_seed73_20260426_103916\qwen2.5_0.5b__anchor_20_append__ft_g1_s73\anchor_20_append\gen_1,73,didactic_collapse_training_confirmatory_anchor20_seed73_20260426_103916,anchor_20_append,1,qwen2.5:0.5b__anchor_20_append__ft_g1_s73,gsm8k_924da94694f884fb,cerebras,qwen-3-235b-a22b-instruct-2507,2,2,2,0,6,True,"Correct steps but wrong total time used for Jack, leading to incorrect final answer",False,
outputs\runs\training_confirmatory_anchor20_seed73_20260426_103916,outputs\runs\training_confirmatory_anchor20_seed73_20260426_103916\qwen2.5_0.5b__anchor_20_append__ft_g1_s73\anchor_20_append\gen_1,73,didactic_collapse_training_confirmatory_anchor20_seed73_20260426_103916,anchor_20_append,1,qwen2.5:0.5b__anchor_20_append__ft_g1_s73,gsm8k_7881d1b460375c50,cerebras,qwen-3-235b-a22b-instruct-2507,1,1,1,0,3,True,Model incorrectly calculates initial fleas and misapplies the halving process over treatments,False,
